Ticker,Tahun,ROE,ROA,NPM,DER,DAR,PER,PBV,PS_Ratio,Label
AADI,2024,40.37485857271905,20.20469047290868,22.76114927827036,0.4955765314577955,0.2480001361666225,50484.96967784882,20383.23510791156,11490.959311464698,0
AALI,2024,5.068241126922199,3.9854757499377023,5.260349112435529,0.1408686755247501,0.1107738712839565,9.885195797061458,0.5010055588634533,0.5199958093732366,0
AALI,2023,4.796033983397109,3.660431620159339,5.089770669485338,0.1819151441596344,0.1388413735542614,11.96809892398357,0.5739940915608358,0.6091487887279061,0
AALI,2022,7.962571729609206,5.903063111851413,7.909841730050281,0.1869470615642281,0.1385934520231909,7.904339395983912,0.6293886941569781,0.6252207360283399,0
AALI,2021,9.560825661839708,6.484773341075463,8.105259063710424,0.2762671301571855,0.1873823228269192,7.853457531662215,0.7508553830288444,0.6365430783997006,0
ABMM,2024,16.56380978145607,6.651001286165712,11.612760952800633,1.1603579310501937,0.4659279594280031,67442.45775082184,11171.040413785002,7831.931399296501,0
ABMM,2023,38.07543459734402,13.400203046069398,19.35705146983716,1.3704185296272284,0.4823027432070786,28986.8099820313,11036.853876564715,5610.991727685694,0
ABMM,2022,49.04218591419365,13.614084753112463,18.672073003590327,1.7056787269231568,0.4734955083474815,25366.562991878287,12440.316982517994,4736.463160345241,0
ABMM,2021,42.81450733411428,14.276384030595946,14.483693868298756,1.1143458770149828,0.3715756801550557,18599.61859712496,7963.3350683833505,2693.911818278743,0
ACES,2024,13.774767887242117,10.889989513926263,10.393741007367357,0.1420907946788213,0.1123334546719259,13.560636611598948,1.867946217280129,1.409457448359831,1
ACES,2023,12.527125132386146,9.88393916218581,10.110074680748136,0.1423615130408662,0.1123236591845733,14.665015514562386,1.8371048441930724,1.482644020465558,1
ACES,2022,11.26699015276288,9.064912013841008,9.82348339561783,0.1201742658368427,0.0966867931336377,11.020277166816442,1.2416535431923847,1.0825750976332762,1
ACES,2021,12.454030152133171,9.632648054519942,10.556812485025857,0.1504276060452457,0.1163491792630384,28.233451907236827,3.516202613515293,2.980552575896948,1
ADMR,2024,30.93974390919861,21.05796571513997,37.83256068139998,0.2108842304858592,0.1435303701435815,100837.09192656772,31198.738007563243,38149.25399247782,0
ADMR,2023,45.17134117552939,26.012551219650398,40.61117498428381,0.4340259046336711,0.2499399128103517,124136.1761157834,56073.97563551655,50413.15970117952,0
ADMR,2022,62.1530587366592,25.82031041958089,36.58133762920168,0.915790896902682,0.3804479734077308,192359.0729859673,119557.04761826136,70367.52194939918,0
ADMR,2021,76.71775837662335,16.061958417267263,33.707213827507346,3.1398273587114,0.6573677013011848,45720.57848436448,35075.80293002919,15411.133152898055,0
ADRO,2024,28.01001287636578,20.59067218511377,66.38862282910046,0.1176906733218912,0.086516564069884,49675.20315661542,13914.03080052884,32978.683263234816,0
ADRO,2023,24.23620897183147,15.67346793012812,76.86746164206252,0.2125095826398593,0.1374291718734528,23858.435551320446,5782.380297627755,18339.373795807453,0
ADRO,2022,41.38166849251402,23.12195340013969,30.769652296807404,0.2626971085217275,0.1467816674112506,17595.666247260993,7281.380275490727,5414.125323588907,0
ADRO,2021,22.565667016375052,12.30393929776131,23.379863040665533,0.3885468891263253,0.2118553524110392,29471.13639532393,6650.358504910516,6890.311325754468,0
AKRA,2024,19.2442025869545,6.720647520354531,5.745280367804104,0.4598568773451996,0.1605956894541862,9.23475436791594,1.7771548389693732,0.5305625297148064,1
AKRA,2023,24.68651585680253,9.177109307295863,6.606202991836888,0.4109846919789903,0.1527818451090664,9.729247629348718,2.401812258766755,0.6427338479732545,1
AKRA,2022,21.91052032995515,8.839817338169896,5.055396647498811,0.275011488344653,0.1109536097844896,8.2604671515646,1.8099113345928288,0.4175993794479373,1
AKRA,2021,11.895128384334958,4.728542999070014,4.324155310448481,0.3271789973883802,0.130059962999724,11.213027643956543,1.3338040340196002,0.4848687303282031,1
AMMN,2024,12.343304310480825,5.7267067140656,23.91079091315235,0.8305440360383128,0.3853329698328137,967828.0565493528,119461.96222209906,231415.34300034164,0
AMMN,2023,5.541664130019348,2.771710794693622,12.400331470247592,0.7066801993596,0.3534521564291205,1847870.853321118,102402.79624757882,229142.11095391135,0
AMRT,2024,19.221942016918884,8.114016197891964,2.662764152472035,0.1143977465908773,0.0482898745622948,37.1029587927229,7.131909225698504,0.9879642862390964,0
AMRT,2023,23.516590297986745,9.938792302780138,3.1826332123496037,0.128585561859598,0.0543439833864112,34.21391574125373,8.045946389769034,1.08890344562645,0
AMRT,2022,25.444701064302567,9.286604103405596,2.945879030240036,0.2724124800483927,0.099422934804506,38.595577078202936,9.82052921159122,1.1369790117469103,0
AMRT,2021,20.88053082952956,7.036387371525466,2.268287916297668,0.332563616059328,0.1120683399944684,24.69856375144942,5.157191218572409,0.5602345370732031,0
ANTM,2024,11.593861335548002,8.19180890982555,5.271110543290567,0.0089834695424992,0.0063473991718147,9.539986867869017,1.1060528488902228,0.5028632536207793,1
ANTM,2023,10.04348926409273,7.182148306298738,7.497731967543218,0.0984371897251575,0.0703929159349993,11.562906295807531,1.1613192524365317,0.8669557217178286,1
ANTM,2022,16.11402695246462,11.35931925036368,8.319040679763075,0.1485964326228659,0.1047506202271878,10.88278229744362,1.7536544725881127,0.905343086414389,1
ANTM,2021,8.93475957283842,5.656016191928134,4.842539177765359,0.3063661031200149,0.1939404889161717,24.67091921902602,2.204287316629161,1.1946989286961784,0
ARNA,2024,23.104894373567003,16.005767490459196,16.182427481651875,0.0578030855247732,0.0400427170183949,10.752410998452849,2.484333203804331,1.7400011123537924,1
ARNA,2023,24.419553380145132,16.992663353659673,18.19415204566828,0.0948623684364389,0.0660112110437647,9.648254678373371,2.3560607014377357,1.755418125936554,1
ARNA,2022,31.939590533101114,22.343657246114766,22.2763093820043,0.0279855830072704,0.019577592076489,10.537785534782325,3.365725551065833,2.3474297077402064,1
ARNA,2021,30.413870851122997,20.989422760946532,18.43148646453701,0.0128033094256354,0.0088359050246953,9.936723762553443,3.022142331975854,1.8314858953134705,1
ARTO,2024,1.5086177550122526,0.4502655529019106,8.261757534342562,0.0064263984512598,0.0019180377814133,269.5886393345679,4.067062078497237,22.27275972195526,0
ARTO,2023,0.8659064387386931,0.3397940630658382,4.596604476166095,0.0065465312526625,0.0025689524339025,599.3485876565048,5.189798011007095,27.549684008057177,0
ARTO,2022,0.1925637455215587,0.0937973669187597,1.1683382035506087,0.0072050763351342,0.0035095764618298,3056.3336580154587,5.885390567510638,35.70831375457042,0
ARTO,2021,1.0427840384607223,0.6986765073516811,14.335899743359,0.0077146914553749,0.0051689261462935,2802.6916906909696,29.2260215977904,401.79107089291074,0
ASII,2024,15.974010742851782,7.2000845800074,10.289798138522906,0.472277343841625,0.2128730771263942,5.419000168978466,0.8656316691477763,0.5576041785140994,1
ASII,2023,17.03534031413613,7.597355216039335,10.689431870232022,0.4697442609746274,0.2094947295158339,5.647068982415839,0.961997418928562,0.6036395915403459,1
ASII,2022,15.063859020932435,7.003196248702507,9.603854283145145,0.3680663259464354,0.1711142350416286,5.92582069645595,0.892657275547361,0.5691071847680861,1
ASII,2021,11.738243448239787,5.498337920726578,8.649806197400261,0.421300413244756,0.1973423066556678,8.30736808235885,0.9751390896486508,0.718571239228727,1
AUTO,2024,14.149750126545726,9.670181927566588,10.662014607231749,0.0455737174525257,0.0311458601699722,4.893215477748307,0.6923777632548462,0.5217153490008493,1
AUTO,2023,13.818289791122336,9.393927296238529,9.879503342392768,0.0335080411783813,0.0227793820673314,5.1971406914055445,0.7181559615907572,0.5134516883162654,1
AUTO,2022,11.11666237751727,7.16244428497606,7.139828913213707,0.0422932197724116,0.0272494405213554,4.16690535866141,0.463220800313064,0.2975099135839586,1
AUTO,2021,5.635794561594868,3.607379837598633,4.034857427861219,0.0475949869795987,0.0304647720076558,7.070737079915055,0.3984922158145245,0.28529416027349,0
AVIA,2024,17.291148527649728,15.04696466631558,22.276290943705533,0.0097016298451398,0.0084424745558144,14.778645231291158,2.555397497316978,3.292134009260482,1
AVIA,2023,16.563498204171783,14.705542327576811,23.40307276080744,0.003218763235212,0.002857709066913,17.33945553891585,2.872020406801492,4.057965396100332,1
AVIA,2022,14.634749082194071,12.977623863036388,20.92209774742832,0.0084389869871869,0.0074834217033499,24.51099274231355,3.5871222853923883,5.128213860411902,1
AVIA,2021,15.242075993161633,13.193348023130913,21.160597984289144,0.0074456643401444,0.006444872794691,34.708913265670695,5.290358936354087,7.34461360086418,0
BBCA,2024,20.87883617972408,3.7836372561441554,49.602997315631264,0.0115915389950284,0.0021006045748962,21.48235126758212,4.4852649287113495,10.655890122593236,1
BBCA,2023,20.06926613027064,3.454220570920956,48.403891189790414,0.0097641094108996,0.0016805491224704,22.65960378586609,4.547616187850345,10.96812996054825,1
BBCA,2022,18.43090169521746,3.098405766407359,45.50282144886458,0.0095265418514131,0.0016015001704446,23.26524040109592,4.287993587482005,10.586340799359782,1
BBCA,2021,15.501076345652082,2.5581305077985115,39.20971975334757,0.0112929347783244,0.001863664195623,26.22332067827514,4.064896958704599,10.282090547973326,1
BBNI,2024,13.211817428206077,1.899760303638846,34.62739507262838,0.4335764238666092,0.0623450394415052,7.232725049376602,0.9555744286077642,2.504504277364592,1
BBNI,2023,13.927486028969335,1.9241896547034367,33.9530259561881,0.3083392083130805,0.0425994406701539,8.730665907111792,1.2159622744489835,2.9643252615897318,1
BBNI,2022,13.483015570031789,1.77815094497083,29.8831378886359,0.3890860347051885,0.0513129794067539,7.835614056024276,1.0564770631813527,2.341527352783071,1
BBNI,2021,8.807710836861503,1.1295700914636324,19.095460306011493,0.3977153424969903,0.0510061426994914,9.89788728509997,0.8717772910300866,1.8900471376600232,0
BBRI,2024,18.970689364200133,3.0183334984818866,34.505387359106706,0.5093804440312082,0.0810450283684669,9.82309077708592,1.8635080372843629,3.3894955232701824,1
BBRI,2023,19.30215076294928,3.058506258880916,36.10620248539083,0.4812674833402789,0.0762588391350437,12.602163663346788,2.4324886296928088,4.550162729828338,1
BBRI,2022,17.0970049915232,2.742776696119792,33.27431151093045,0.4794113604899364,0.0769092778564916,11.505619809721102,1.9671163931736988,3.8284157767499214,1
BBRI,2021,10.759552471686469,1.851298131840514,21.01817825336557,0.430823271595046,0.0741278338440328,15.947110554911312,1.7158377278735335,3.3517921226925345,1
BBTN,2024,9.23289404553724,0.640382268263087,20.531785568036227,1.394558940072527,0.096724906932282,5.204547763344761,0.4805303805390002,1.068586586555972,0
BBTN,2023,11.486500674296977,0.7979464630378719,21.49450893535509,1.684224023030562,0.1170000020239328,4.707102045359008,0.5406813081800091,1.0117684697359743,1
BBTN,2022,11.752793990926984,0.7572014873955258,18.769966111315004,1.65187897004302,0.1064262007893247,4.019118187434977,0.4723586808211114,0.754387121755243,1
BBTN,2021,11.10041661358736,0.6389969055470285,15.918659401770151,2.023674749249614,0.1164930963961594,6.893134213670678,0.7651666154511744,1.0972945575811224,1
BFIN,2024,15.36975905262917,6.229387790199134,25.49464360456013,1.3513710646086186,0.547712841891383,8.403412698324658,1.2915842839305431,2.1424201180582214,1
BFIN,2023,17.30572734379622,6.85197863320806,26.73705083898905,1.4092532785744498,0.5579755858705409,9.770422156390287,1.6908426187227583,2.612322739137922,1
BFIN,2022,20.63568952714885,8.238532389551052,35.1325609153274,1.351025907916999,0.5393796357932832,7.630309370091473,1.5745669515730234,2.6807230874753203,1
BFIN,2021,15.226657596746673,7.235302405597841,29.36166722770733,0.979436280424734,0.4654020510319339,13.13514678289793,2.000043825461954,3.8566980882653943,1
BJBR,2024,8.406272015651373,0.6225944196311475,14.57221389459562,1.7527605942606108,0.1298148528746452,6.507273397422344,0.5470191025894408,0.9482537981785032,0
BJBR,2023,11.429364126721566,0.9444703210307408,19.1633737158246,1.6376002201045676,0.1353237842852612,5.877079423731162,0.671712807354864,1.1262466935454334,1
BJBR,2022,15.613281997686167,1.2714409543683949,22.792766060145677,1.5945909889339271,0.129852793864727,4.775691240110107,0.7456421406571866,1.0885121321131666,1
BJBR,2021,15.586067107310669,1.283094265704212,21.2010725236914,1.391914116609419,0.114586765800372,4.768529522035782,0.7432262113364175,1.010979402280441,1
BJTM,2024,10.243425183207444,1.0848949756931328,19.990436168128795,0.1334189590773838,0.0141305818880338,5.81383401244424,0.5955357373405931,1.162210777178627,1
BJTM,2023,12.09856515504932,1.4155391779634434,26.37795692374605,0.0522437984674434,0.0061125548846946,5.507726915213526,0.6663559293992966,1.4528258331725914,1
BJTM,2022,13.47931798228198,1.4974313599080948,28.558793678142514,0.0551696373038253,0.006128852002905,5.3098731228624345,0.7157346826863539,1.5164357097294254,1
BJTM,2021,13.959621976512802,1.5121322934815598,30.034922126753376,0.0649247484473498,0.0070327698657302,5.391641855841875,0.752652821402965,1.6193754327555476,1
BMRI,2024,19.655899898585403,2.2982122359043213,41.38213667116408,0.6064188707603505,0.0709038647965957,8.817256808776513,1.733111172134317,3.6487692632554167,1
BMRI,2023,21.107713000295217,2.5324056881803747,44.33397705299557,0.5146822738146433,0.0617491965044049,9.304240135097965,1.963912304574758,4.124939686449935,1
BMRI,2022,17.92531113430737,2.0662340608273646,35.60445571669856,0.4665040418665396,0.0537734900998985,9.34524447516451,1.6751641484349085,3.327323430777166,1
BMRI,2021,13.693203832989331,1.6242451468474768,28.16781383778914,0.4613543850146877,0.0547244187683518,9.370545021412132,1.283127830043997,2.639477677217588,1
BNGA,2024,12.87901454035512,1.894887384396852,36.03266147904372,0.2419729947932974,0.0356014486793103,5.971315664600466,0.769046612694397,2.1516239592705952,1
BNGA,2023,13.160927395826487,1.9362412450190956,34.50793218803922,0.1795226122072483,0.0264114431844272,5.698087889102842,0.7499212100352073,1.966292304786484,1
BNGA,2022,11.156384475179063,1.643589353575775,26.715924946079657,0.14836296955051,0.021857242170223,4.484650198109287,0.5003248184679516,1.1981157810210896,1
BNGA,2021,9.452770979135035,1.319341068878823,23.131611566471467,0.2241661629833348,0.03128729403576,4.302051151906767,0.4066630427949874,0.9951337618499846,0
BRIS,2024,15.55427061915157,1.7145515666748812,33.089197026269865,0.0979605907182813,0.0107982230990389,17.902283439828224,2.7845696132384385,5.923721839606045,1
BRIS,2023,14.72347036475092,1.6129394497983969,30.469834066008094,0.0285051640691589,0.0031227083364934,15.079727225798852,2.22025916917577,4.594767863307555,1
BRIS,2022,12.714831934114915,1.3934575280089845,23.956572750416463,0.0700435539003766,0.0076762884461812,14.677584349994785,1.8662301820897893,3.516246172810242,1
BRIS,2021,12.106072559398294,1.1414736666074847,19.161323626261535,0.067127785657386,0.0063294350211119,23.560095288044455,2.852202230634041,4.514426104797795,1
BRMS,2024,2.0322715027374523,2.113436070716985,15.03430803299383,0.0852714718171742,0.0886770316361734,2509512.305220701,51000.10343669,377287.8100927644,0
BRMS,2023,1.183029075710818,1.2598307254915826,29.845904282808057,0.0562899470606616,0.059944261979112,1802926.9620405613,21329.150174769587,538099.8553795652,0
BRMS,2022,1.1745639559810923,1.2641543246160225,117.27332646596724,0.0547849298185025,0.0589636737967124,1681993.542870927,19756.08989649129,1972529.7786675105,0
BRMS,2021,6.357811826066645,7.050051631407628,653.4333757348097,0.0421989672147583,0.0467935990864611,216676.01719706305,13775.85344560507,1415833.4135785056,0
BRPT,2024,3.269073502065309,0.5362796751104479,2.366322510101613,2.687149596401033,0.4408171647473493,1551189.6682974824,50709.53041308775,36706.15029529388,0
BRPT,2023,1.546796273142568,0.2573089597234037,0.9461088213525848,2.530376517789401,0.4209271516914941,4903617.432752479,75848.97169898463,46393.55709665437,0
BRPT,2022,0.1113326371087692,0.0190198063331738,0.0593949347837538,2.5130415519478464,0.4293221185317791,42159399.32540466,46937.17105818969,25040.54773454645,0
BRPT,2021,6.235481354702112,1.1807000794563598,3.4577596544110003,1.7698972229921053,0.3351333558620192,729452.5374843688,45484.87696623925,25222.715539211786,0
BSDE,2024,10.66798377524659,5.733848676516578,31.59526683125745,0.3538147995117988,0.1901690668690403,4.557796430821042,0.4862249837487569,1.4400479439434364,1
BSDE,2023,5.334321136001434,2.9111714767236245,16.859724646102823,0.3244534261055065,0.177068372061234,11.71728716098986,0.6250377255946645,1.975502351336049,0
BSDE,2022,7.233474249178451,3.7433372847894018,23.771693324704284,0.3560901604088013,0.1842773649683342,7.821636050739413,0.5657760295946939,1.859335334956285,0
BSDE,2021,4.287385109760036,2.193963483197331,17.61799970688056,0.3813190091065113,0.1951305889280146,16.437653956495954,0.7047455281246889,2.8959858258734976,0
BTPS,2024,11.39492961944498,4.879972852151826,21.769473842912863,0.0241902658064604,0.0103596813990338,6.478508286687751,0.73822145965798,1.4103371668814322,1
BTPS,2023,12.314776697161296,5.04073035188669,20.52331948902301,0.0061308383264926,0.0025094976218274,10.68983136988684,1.3164288625046627,2.1939082448796805,1
BTPS,2022,21.172546432431822,8.409153285118553,35.282924745986925,0.0199579890671633,0.0079267644949602,10.641712144125629,2.253121444920734,3.754707287496396,1
BTPS,2021,20.64928749630005,7.900217732493177,34.057670481887655,0.0113617207211016,0.0043468844883178,16.997940907128278,3.509953686364111,5.789102702855734,1
BUKA,2024,-6.528558581311779,-6.238086528614891,-34.67811017377901,0.0016411007593321,0.0015680840435734,,0.5353724536712962,2.843767839590897,0
BUKA,2023,-5.394877913645274,-5.226287793041647,-30.76325576824323,0.0015223455888448,0.0014747722367631,,0.8391922272864814,4.785332595097019,0
BUKA,2022,7.488951927312006,7.237833702782126,54.82115174754357,0.0024542323023921,0.0023719374146238,13.717049035994997,1.02726320815148,7.51984426730778,0
BUKA,2021,-7.128179685853126,-6.285646344722645,-89.50507522293918,0.0875519220822081,0.0772034998081854,,2.195643892411629,27.569629332312427,0
CMRY,2024,22.502115677578143,18.54756554023642,16.833531693755734,0.000188537455861,0.0001554036460161,24.2994447878902,5.467889175180285,4.090454739776172,0
CMRY,2023,20.900060139335416,17.620834366299757,15.974905151352583,0.0,0.0,24.183770207713287,5.054422517370758,3.863334352703261,0
CMRY,2022,20.168972888266797,17.041462733866915,16.62707961371816,0.0065712101387536,0.0055522427104418,30.22758861804565,6.096594153150449,5.025965224829661,0
CMRY,2021,16.823795495273576,14.101109269298451,19.293335016403837,0.0088826880941831,0.0074451544216857,30.199486927327808,5.080699921275507,5.826488186124433,0
CPIN,2024,12.264421709760525,8.676885326353673,5.502425146261021,0.2818680899977436,0.1994172372695193,20.687633127874165,2.537218568570609,1.1383215273943734,1
CPIN,2023,8.58337531698754,5.659113319730149,3.762966834020792,0.3545403447893025,0.2337523309283685,34.10653510203116,2.9274919154274337,1.283417604123092,0
CPIN,2022,11.129948138902709,7.348864277585984,5.149408245940778,0.3551152425119837,0.2344749218552861,30.325288688384184,3.375188903989689,1.561572916325001,0
CPIN,2021,14.40588625839497,10.215414405401608,7.004030252552654,0.2499452164622104,0.1772396310099536,25.410567879168077,3.6606175062852,1.7797638616023592,1
CTRA,2024,9.726231767215008,4.521832879786449,19.00581583213148,0.3639458176807268,0.1692024418333085,8.491214926945286,0.8258752436470552,1.6138246709256787,0
CTRA,2023,9.209249581799549,4.184694554928498,19.968421958950493,0.4036475789270572,0.1834179658877328,11.276058964854084,1.0384404130642957,2.251651034442129,0
CTRA,2022,10.045330668246963,4.430852089502402,20.40587285860026,0.4809619877295491,0.2121454732235907,8.487625239726864,0.8526100212121526,1.7319740151331298,1
CTRA,2021,10.225505967882206,4.267019431863222,17.835470152012647,0.5630353635845253,0.2349500205454302,10.012153500735014,1.023793353731186,1.7857146491972826,1
DSNG,2024,11.749830436309615,6.561369772006366,11.290326724787088,0.5896130862545682,0.3292532179336859,8.32452242018113,0.9781172690038602,0.9398657795166032,1
DSNG,2023,9.635357597239716,5.190966554042402,8.8412589910524,0.6398513339228301,0.3447144374697974,6.451733922835768,0.621647634687648,0.5704145055314951,0
DSNG,2022,15.020799245646174,7.858416384882975,12.5272598576389,0.6779031881057838,0.3546579268955356,4.870335663359554,0.7315633425823485,0.6101196044883127,1
DSNG,2021,10.537934596527675,5.302979253450952,10.206379539883176,0.7693748870526179,0.3871706572852125,6.227745133010024,0.6562757089550318,0.6356273050516055,1
ELSA,2024,14.559061193231498,6.714789759415899,5.32865905528502,0.2360322015095426,0.1088604950932886,4.1246863915691385,0.6005156157774431,0.2197904749064578,1
ELSA,2023,11.397242710353202,5.240118140095456,4.004404192769869,0.2816225240571936,0.1294817820832242,5.102152976004776,0.5815047581287731,0.2043108276926678,1
ELSA,2022,9.186089597570234,4.2786463558707934,3.072277946218376,0.3413748823082764,0.1590037175949676,4.801379640143408,0.4410590356630689,0.1475117277983451,0
ELSA,2021,2.879366613487267,1.503001372383725,1.3364365273150345,0.2997366626726951,0.1564596231826005,14.409987537453492,0.4149163701611117,0.1925803370320727,0
EMTK,2024,4.144508370882509,3.1950160113583883,12.018843393919877,0.0360044476933052,0.0277559547637566,20.622787470990144,0.8547131530444958,2.478620529599235,0
EMTK,2023,-0.4059081682725659,-0.3282021391309416,-1.5232509206648892,0.0297187812155261,0.0240294931949989,,0.930106840798283,3.4904104235993816,0
EMTK,2022,15.200606217071346,12.24225155363719,55.23472813910948,0.0330847773868244,0.0266457904100372,10.557830663645554,1.604854264245971,5.831589064452159,1
EMTK,2021,19.90418910433389,14.82677984241374,44.07194292749773,0.0276930627663794,0.0206287702878511,24.31379955739149,4.8394646423519,10.715563864439774,1
ENRG,2024,10.325355977491467,4.761992967561522,16.129784125855934,0.5478022182530063,0.2526431356576998,79670.58627829829,8226.271642588768,12850.693578493312,0
ENRG,2023,10.436702652522516,4.999849202611016,16.264216164970776,0.4213255009207395,0.2018419073488787,89222.64889547855,9311.90256392526,14511.364484473545,0
ENRG,2022,11.352242207998431,5.589092143419663,14.77015918629197,0.2966517516275672,0.146051673667175,106346.59202456272,12072.722706580302,15707.560931224392,0
ENRG,2021,7.708096734981439,3.781676889316866,9.90864623921786,0.3659457153124295,0.1795369858373833,63535.595465374936,4897.38515961758,6295.517390644546,0
ERAA,2024,12.693812277431071,4.742023862519952,1.5817275884023534,0.7996479675679458,0.2987242650944717,6.178561196132626,0.7842949596832753,0.0977280070055522,1
ERAA,2023,11.279592981690897,4.039866899009242,1.373558357832907,0.8996386177576423,0.3222120052424712,7.458519120702842,0.8412905992768712,0.1024471127529793,1
ERAA,2022,15.02247143647278,5.937741937898789,2.0473874513152737,0.7168481038764865,0.2833394669772153,5.323795327923173,0.7997656324735313,0.1089987174776078,1
ERAA,2021,16.4910500693269,8.902177113189605,2.329068435286788,0.3533031978246376,0.190719670880216,7.900482504147519,1.3028725254773788,0.184007644239455,1
ESSA,2024,10.84532725132184,6.513343570394267,14.99044579479454,0.2221711597445038,0.1334286242651212,315234.8205585416,34188.247899691014,47255.10490214602,0
ESSA,2023,9.126784078130171,4.9773582420856295,10.034348603268551,0.424897669040999,0.2317210418193072,286865.54995249625,26181.59933870498,28785.08930491696,0
ESSA,2022,39.40033103286822,16.701778122335163,18.98056496775802,0.7660998484977614,0.3247492940729422,95079.04349779992,37461.457881017945,18046.53962182282,0
ESSA,2021,6.544069648743866,1.7260981625934515,4.603651305411667,2.2182943504088497,0.5851089624431373,519149.292135742,33973.491258323724,23899.82316444251,0
EXCL,2024,6.980013961417004,2.110755731428111,5.289137925173989,1.768508086908286,0.5347967212032365,15.40109835507653,1.0749988153959062,0.8145853339917002,0
EXCL,2023,4.774686452576224,1.433344424101866,3.888805407700006,1.7442348424079783,0.5236132907409506,20.495014136620547,0.9785726634348032,0.7970112180537805,0
EXCL,2022,4.302329792804272,1.2629395724350263,3.782740467244624,1.7156683085546256,0.5036307081038495,25.59821645634209,1.1013196930277318,0.9683140927869248,0
EXCL,2021,6.410589611247492,1.7701015879943396,4.813503002349178,1.7745577436519802,0.4899935373362263,23.58725245283144,1.5120819553199316,1.1353731049887217,0
GGRM,2024,1.5840764050680431,1.15471316237732,0.9941718089809564,0.1514199740001541,0.1103776537958717,23.71750587211366,0.3757034143907801,0.2357927571739569,0
GGRM,2023,8.748392202708086,5.75929324068862,4.47614951643463,0.2200987000723529,0.1448966765823166,7.130449054637311,0.6237996491139629,0.3191695608787656,0
GGRM,2022,4.804590619345164,3.1387272577999816,2.2294505800372035,0.1752020023127461,0.1144553914887135,11.0467643435229,0.5307518033900676,0.2462821517320142,0
GGRM,2021,9.454350517728583,6.230594470128501,4.488515515209463,0.1704049311121024,0.1123000484780813,8.994310244097008,0.8503536171289007,0.4037110107923684,0
GOTO,2024,-15.626076866275184,-11.93051712506912,-32.43220185747715,0.1460790851805012,0.111531451065736,,2.548106454552697,5.288640494707402,0
GOTO,2023,-238.320583839844,-167.0983626230506,-611.3805952483691,0.1142956686434961,0.0801383530432671,,2.4555216025644957,6.299322680536839,0
GOTO,2022,-31.67692403469688,-28.42417465104908,-348.6701799347917,0.0195463861480499,0.0175392627472433,,0.8070463993203005,8.88321773157378,0
HEAL,2024,12.038292201419727,5.06672540670544,7.955521447349084,0.7274871366136887,0.3061877462732849,43.40053231412554,5.224682896946025,3.4527386565139278,0
HEAL,2023,11.303506380523936,4.968344195402044,7.561197244023426,0.5843442872509962,0.2568427397610106,48.55200416181459,5.488078888302957,3.671112800601264,0
HEAL,2022,8.678037586345596,3.933301587238861,6.091545775948068,0.504922948689035,0.2288552239779173,75.82568432999068,6.580181386260354,4.618956270887264,0
HEAL,2021,30.109715897135757,13.151487701849575,16.970039601200472,0.503816717737625,0.2200598434720833,15.363177114571467,4.625808981971248,2.6071372403453466,1
HRUM,2024,6.0431976162619945,2.1000860374583894,4.173597686468833,0.3477944719644767,0.1208628876395402,254870.3889150784,15402.32126747369,10637.264655253828,0
HRUM,2023,17.05164035351536,9.248900546143696,16.319950353549224,0.2350896108532852,0.1275138570328456,122103.13044583032,20820.5866640067,19927.17026888896,0
HRUM,2022,41.092447116678215,23.5965142468037,33.36366609933633,0.0030799439000496,0.0017685960612304,71710.49535858736,29467.597382335494,23925.250229619167,0
HRUM,2021,15.791832560658852,8.478955939582766,22.060449750122643,0.2138003231739184,0.1147937399346753,339952.0318110713,53684.65565016211,74994.94715220234,0
ICBP,2024,15.656302125979185,5.61672339626568,9.751574675316624,1.0090070684331616,0.3619828975363197,18.29724138325228,2.864671391681669,1.7842691570107825,1
ICBP,2023,17.154706769436956,5.861275579523724,10.293892196956673,1.07951287269508,0.3688388570874329,17.65408344410157,3.028506247667341,1.817292318096591,1
ICBP,2022,12.561758062917736,3.978444712316328,7.079541444150421,1.25980084456346,0.3989925600796825,24.18419806772549,3.0379604507245013,1.7121303251400508,1
ICBP,2021,18.77216485772954,5.422543012236777,11.265863460065203,1.2247714872396598,0.3537885012225236,14.698041418233425,2.7591405658881474,1.655861277482009,1
INCO,2024,2.1136382930763444,1.818368986516096,6.077623033960867,0.0029373062409798,0.0025269728458241,639965.7610998447,13526.561389183791,38894.70650606713,0
INCO,2023,10.697213571104648,9.375737995809294,22.26261763925396,0.0033616204406487,0.0029463441375065,158892.84755608067,16997.10725228368,35373.707107532915,0
INCO,2022,8.510427770015754,7.539211983224209,16.99102634104652,0.0024350573516734,0.0021571669558439,356926.3354475761,30375.9579704301,60645.44767402971,0
INCO,2021,7.695556779894275,6.704752615224351,17.394200848953076,0.0022052021605504,0.001921282030129,274809.5878028141,21148.12786595897,47800.93165460154,0
INDF,2024,13.271612598210044,4.284105928100046,7.463400425913119,1.0907937622278785,0.3521106413040769,7.4093329667813315,0.9833379674626812,0.552988188200079,1
INDF,2023,13.76348083514519,4.366315560226644,7.29342491891332,1.0929104926623687,0.3467140432862984,6.424962264017477,0.8842984498733558,0.468599798794628,1
INDF,2022,11.81025438083572,3.524346115711457,5.737686902004535,1.230392593128023,0.3671664653919204,8.440315220866541,0.9968226981287346,0.4842788609155546,1
INDF,2021,15.786849569929748,4.274097928598267,7.712724682028753,1.2780406989291897,0.3460140086697386,6.158297082744199,0.9722010965221988,0.4749724990934685,1
INDY,2024,0.836473627163867,0.3403509915089556,0.4121420467881013,0.8865948916243831,0.3607447271879376,735222.2336951375,6149.94008590492,3030.159962392337,0
INDY,2023,9.707956309198403,3.844518586489537,3.954085185476933,0.8857013403912953,0.3507530479908179,65210.86304780039,6330.642093531667,2578.493075094727,0
INDY,2022,38.06295832877292,12.595789519208486,10.442580867683269,0.9224056924073012,0.305242379021796,25708.026823603417,9785.235537017934,2684.5814905404927,0
INDY,2021,7.560861267727901,1.5635882986884606,1.8806280205584736,1.90724325769696,0.3944184577511212,114772.17576907108,8677.764983852283,2158.4376973177737,0
INKP,2024,6.621774286807155,3.602837110679311,13.277337798456754,0.7237083608975292,0.3937620382418282,85647.56124152252,5671.388187568549,11371.716022177066,0
INKP,2023,6.858170927737038,4.0637668345853655,11.826958066902789,0.5760558891710564,0.3413383600302534,110438.81387266204,7574.082625952527,13061.552206304556,0
INKP,2022,15.299888432942272,8.894697813576391,21.42372818685305,0.5988578159655618,0.3481502057781778,52470.42819576557,8027.916974239218,11241.121915138718,0
INKP,2021,11.047833815486596,5.862507371822181,14.967983151841018,0.7490411681157151,0.397476957312764,81647.17590523427,9020.244309048296,12220.935533449465,0
INTP,2024,9.079837300214566,6.6007449176703,10.825250930872157,0.1102788008691189,0.080169083464349,11.257713009188786,1.0221820249594311,1.2186756823221248,0
INTP,2023,9.300483926401526,6.577704387354384,10.86513933671299,0.1337590084957155,0.0946001545718338,15.445414430500843,1.4364982864748328,1.6781657990066918,0
INTP,2022,9.416072219082569,7.167283464136566,11.283700583735774,0.0504666399480837,0.0384139698140162,16.86551594493149,1.5880691614956348,1.9030543211282844,0
INTP,2021,8.673192970027978,6.843006577029776,12.107415251626977,0.0133729926496161,0.0105510712112749,20.035833682955104,1.7377465184765597,2.4258215831207206,0
ISAT,2024,14.659874666965743,4.293181013058004,8.787087199551523,1.637875397805945,0.4796559124383501,15.069475799859148,2.209166265228085,1.3241679790489378,1
ISAT,2023,14.65688710830104,3.9280889620634967,8.79660187899841,1.752137366213467,0.469577980466544,15.76395777736509,2.3105054952286426,1.3866926060482136,1
ISAT,2022,16.665193051574363,4.155837846152065,10.103060342311576,1.975228412691446,0.4925672908111016,9.651464367739088,1.6084351691876302,0.9750932689893804,1
ISAT,2021,73.5352768463001,10.64854368527745,21.50760198597497,3.6887357979533695,0.5341608269192173,4.3943832375566,3.231421879424651,0.9451264564720744,0
ITMG,2024,19.40383814462879,15.545903170687923,16.234301888872064,0.0375469317196964,0.0300817271572844,72241.49702484891,14017.623155958509,11727.902716054505,0
ITMG,2023,27.989308444549867,22.86864666496332,21.072646215855944,0.0301368498958647,0.0246232940420422,48843.626285317085,13670.993216500632,10292.64456609969,0
ITMG,2022,61.382884804440586,45.45418735183285,33.00331966251702,0.0254979647662626,0.0188813098515743,22097.390182856565,13564.015560730608,7292.872319121806,0
ITMG,2021,39.3258612791138,28.54152375499553,22.89902846332337,0.0429742348090557,0.0311894032008613,23075.4212101847,9074.60813468844,5284.047270951954,0
JPFA,2024,19.50587064360304,8.708438686662772,5.410118401603531,0.6941743526681613,0.3099156607012064,6.956446700574288,1.3569154948052122,0.3763520030455112,1
JPFA,2023,7.029302470359983,2.725686042666616,1.816706763015668,0.9712239054773556,0.3766022951247706,13.01952852425852,0.9151820401849268,0.2365266552129585,0
JPFA,2022,11.13782544696069,4.343274625738972,2.899314987303481,1.0093045639547082,0.3935855273673057,9.857590924085429,1.0979212704000745,0.2858026110490765,1
JPFA,2021,16.533413812564046,7.074572705596738,4.5068462931973805,0.8315439129516412,0.3558138649866931,8.5058451164994,1.406306571366616,0.3833453653380635,1
JSMR,2024,13.323034016298314,3.222965799624902,15.801593912207457,1.7552658790635405,0.4246151357528488,6.838759785784164,0.911130292552954,1.0806330499809622,1
JSMR,2023,24.357120789437992,5.253612640665515,31.866770832331664,2.465035164735327,0.5316859908480721,4.8577439482440194,1.18320656111541,1.548006131608382,1
JSMR,2022,12.585604164063646,3.0139441014513384,16.564608409568223,2.346680043616664,0.5619724236717419,7.704479321471762,0.9696552703025728,1.2762168295979563,1
JSMR,2021,7.838943414664117,1.5954513899465763,10.648178667372642,2.99663260692315,0.6099012845189199,16.54539537620626,1.296984181273262,1.7617832608816548,0
KLBF,2024,14.220254381159297,11.01143930905918,9.932140687743184,0.0245392541785562,0.019001946156094,18.351817487733985,2.609675130321849,1.822728331639596,1
KLBF,2023,12.917347103287783,10.225412799153718,9.086458856275756,0.0288782153748366,0.0228600865757809,25.44558856665099,3.2868949976288184,2.31210293584595,1
KLBF,2022,16.59148199318618,12.415736957419725,11.689596694572806,0.0572825708369625,0.0428656904819333,26.872792645788248,4.458594552892216,3.141321080861468,1
KLBF,2021,16.259950678038674,12.40373461756697,12.122911273325004,0.0319800946681813,0.0243956833057649,21.942761970518184,3.567882273805684,2.660101564602821,1
LSIP,2024,11.759591744242025,10.669799846206708,32.37058693440859,0.0002832986150535,0.0002570445968763,4.355718108716997,0.5122146671151387,1.409971517000013,1
LSIP,2023,6.714429897984055,6.0890413876137375,18.186489593059115,0.0007416762111474,0.0006725957697825,7.322174868786744,0.4916422985724918,1.3316465704974911,0
LSIP,2022,9.477775353475202,8.34699939510412,22.6034752433185,0.0003449296890274,0.0003037767617703,5.763946449707566,0.5462938959978927,1.3028522087977854,0
LSIP,2021,9.73910136988022,8.373980879178424,21.92970767917519,0.0008325737716887,0.0007158727052773,6.625398919812719,0.6452543169595097,1.4529306156941602,0
MAPA,2024,19.45231173970297,10.545796395731204,7.87921575035442,0.3747968925676256,0.2031908480421707,21.770454117350525,4.234856602056025,1.7153410497379649,1
MAPA,2023,24.364920430361124,12.851971290997986,10.240537459817924,0.4328387254819382,0.228313114726785,17.0305835146073,4.149488122160268,1.7440232844389365,1
MAPA,2022,26.36553333065669,15.82842158941883,11.992951912207026,0.2868039996294562,0.1721814067909653,8.570033499708199,2.259535038814009,1.0277999964800373,1
MAPA,2021,7.759563450287511,4.72133429209076,4.150147583532743,0.2390334956716989,0.1454407902330259,29.460941055710677,2.286040414269673,1.2226725333095825,0
MAPI,2024,15.105458174408938,5.986825520362953,4.327221139216915,0.6664881762642004,0.2641527570106167,12.482862747048031,1.8855936112242155,0.5401610755696958,1
MAPI,2023,18.940073497786464,6.881414045113216,5.178591134213384,0.8294747328853582,0.3013694259217594,16.2377577162866,3.0754432458571745,0.8408870814906675,1
MAPI,2022,26.029540162980208,10.079087725202802,7.144139700874316,0.6958617568747444,0.2694496963157752,10.69263930644424,2.783244842753512,0.7638970897629751,1
MAPI,2021,7.0466460275240745,2.501168806631464,2.079869161728221,0.854401302748047,0.3032651105833342,29.942120219369382,2.1099152249946758,0.6227569248102542,0
MBMA,2024,1.4654948964402672,0.6631837929973721,1.2349910450040031,0.4400679598449575,0.1991449710916749,2171111.9042763463,31817.534153176955,26813.03759482876,0
MBMA,2023,0.4523298694798861,0.2123410889078537,0.5216226834169548,0.3214438097348534,0.1508981236642009,8728348.526422558,39480.92749731673,45529.0458015096,0
MDKA,2024,-6.047081369937014,-1.064758941939995,-2.490457199543147,1.8695757272450104,0.3291914481446489,,42357.04172839117,17444.51464606636,0
MDKA,2023,-2.228742195387045,-0.4161271874353878,-1.2103261138540085,1.7073716251719309,0.3187823848627766,,70301.91903655793,38177.69890124946,0
MDKA,2022,5.82374310096158,1.5070475762852946,6.716244136921596,1.407346961034305,0.3641882531303669,1777784.142054397,103533.58132288196,119400.32320785028,0
MDKA,2021,4.782991338609389,2.8264417713976564,9.48629892171771,0.5000276481314088,0.2954843384565373,2554231.581601043,122168.67531600352,242302.042983593,0
MEDC,2024,17.338638494012717,4.634330122969979,15.311758677709534,1.688736273591216,0.4513711607262781,76057.9444674013,13187.41203717966,11645.80891207482,0
MEDC,2023,18.084081539752525,4.427708322591928,14.701006386690082,1.9326191809979223,0.4731826724677773,84790.59304492026,15333.599984283112,12465.070498846124,0
MEDC,2022,34.09081794889217,7.658538478823241,22.959793168319766,2.1431190890209786,0.4814539807338692,46251.97873386312,15767.677867921597,10619.358653550216,0
MEDC,2021,4.383170494869596,0.827240718672925,3.755223797551297,2.993804093700829,0.5650240283689217,214453.6058290899,9399.867175884614,8053.212840800839,0
MIKA,2024,17.643551898321093,13.899937594640091,23.51799843649782,0.0002476810659752,0.0001951280207222,29.58957719211844,5.220652408385198,6.958876301408729,0
MIKA,2023,15.733374317921456,12.479911875676226,21.48383422774355,0.0005245149403341,0.0004160518971056,38.52318492061059,6.060996882744738,8.276257187591082,0
MIKA,2022,18.584731920554614,14.570372793276922,24.895243596720924,0.0,0.0,37.71001275900767,7.008304778468516,9.3879995367095,0
MIKA,2021,23.30605371662386,17.910359908531845,28.23022763881563,,,24.38544659185543,5.68328528173645,6.884067083622597,0
MNCN,2024,4.987305217008388,4.355105383923157,13.4931778623885,0.0792765451453398,0.0692273068437544,3.54951959136134,0.1770253757586989,0.4789429917227111,0
MNCN,2023,5.146658191856278,4.536303363110326,13.268423883946726,0.0743526066994093,0.0655349485536553,5.020792098420184,0.2584030078294151,0.6661799779500935,0
MNCN,2022,10.759639214081712,9.171529954719029,22.68452688906269,0.1135516567589281,0.0967915745733827,4.788410368261889,0.5152156797146608,1.086228237547034,1
MNCN,2021,14.084258733854693,11.641835431686385,24.27081918488986,0.1573071834409257,0.1300277406463224,4.781206347897744,0.6733974726374029,1.1604379475547375,1
MTEL,2024,6.301899792773733,3.618862717941004,22.604688161072893,0.6079083781101537,0.3490910737726175,24.309838022570347,1.5319816319679906,5.495163077463956,0
MTEL,2023,5.925133781373731,3.5293354608251946,23.279647159077825,0.5435394710741012,0.3237619943114995,25.28143998084094,1.497959140722531,5.885430024273803,0
MTEL,2022,5.270840767470142,3.170352180563309,23.095926603035608,0.5207769956791086,0.3132415788441524,30.05065738157398,1.5839223001607767,6.940477772578028,0
MTEL,2021,4.104759088596005,2.392363519335243,20.10419115217699,0.5932065069641231,0.3457366379030707,44.02079974227675,1.806947778293752,8.850025726904354,0
MYOR,2024,17.8375230369097,10.092482432827431,8.317512578125333,0.4844333726393928,0.2740927253813064,20.012937331060712,3.569812306790256,1.664578579763315,1
MYOR,2023,21.236204045530258,13.379816059409874,10.143927096335752,0.2837470389061432,0.1787740963416429,16.305044568648267,3.462572534312795,1.6539718340687324,1
MYOR,2022,15.379855402575924,8.718871167220971,6.33279221025747,0.4378367481397524,0.2482105390058547,28.29950267765058,4.352422591470761,1.79214870111186,1
MYOR,2021,10.672091410606065,5.957522078269517,4.252346792472618,0.4617384123941825,0.257757985795517,36.38172014419276,3.882690430539131,1.5470769095979453,0
NCKL,2024,20.92583141462763,12.208680250434426,23.65823109747645,0.3548118705136146,0.2070065743304826,7.310129901118041,1.5297054592982469,1.729447425532233,1
NCKL,2023,23.91336081335601,12.406972497045974,23.551973079229523,0.365347917242619,0.1895535134714533,10.422960654422033,2.492480188726073,2.4548128873881625,1
PANI,2024,3.087795972111689,1.3747613154121447,22.02615768625153,0.0380167313325278,0.0169259666268149,463.924890186188,14.32505407279269,102.184827858179,0
PANI,2023,2.087937563112128,0.8010162582824122,12.508202504316085,0.0499280200828269,0.019154383031734,283.9203007207687,5.928078608049842,35.51332616501695,0
PANI,2022,6.411636574255229,0.4933663222929584,23.91933592426923,0.7102562455397059,0.0546532086916098,97.34202918457328,6.241217145320298,23.28356695615827,0
PANI,2021,0.2639584294087248,0.007503585823299,0.5253862140458418,9.169667386249747,0.2606675087359682,493.2396634698015,1.301947668915768,2.591413194076441,0
PGAS,2024,12.010695628037992,5.290374586522828,8.959142031605829,0.4498777164598389,0.1981585173673111,102909.53154858266,12360.150606539995,9219.811095497727,0
PGAS,2023,10.30404371827628,4.213988936849859,7.626658841830328,0.5726702289195583,0.2342018410548818,81759.17790565484,8424.501435101954,6235.493570749411,0
PGAS,2022,12.384786054123614,4.5343439318649965,9.141965327234445,0.8160313199655623,0.2987671040684332,91072.73052228992,11279.162828834142,8325.837446913405,0
PGAS,2021,12.030961125798084,4.045079642588148,10.007040918701255,1.1683262908095815,0.392817568391973,76694.01514533054,9227.02714794841,7674.801477788165,0
PGEO,2024,7.988082629227621,5.354436942392112,39.42179210060915,0.3712048967532829,0.2488198112899104,232868.93363471128,18601.76283654197,91801.10688438138,0
PGEO,2023,8.298029906466207,5.51910317356698,40.26552593234356,0.3707072858968896,0.2465611453706149,300557.4751290256,24940.34917232628,121021.04808967483,0
PNLF,2024,5.650497252966649,0.6473819210455172,12.93375239862809,0.1920584238281578,0.0220042848982128,8.389637692581983,0.4740562473531995,1.0850949663005287,0
PNLF,2023,5.421577143593873,0.6439204435672344,11.458969712854936,0.2925486519790343,0.0347459886225032,5.596770933106827,0.3034332536886253,0.6413322861225801,0
PNLF,2022,7.656386218462304,0.8990394590366592,18.377556811945382,0.3068631231352189,0.0360329335994748,5.428126439219531,0.4155983246131127,0.9975570201917972,0
PNLF,2021,5.271032127297157,0.6127866913596025,46.51009565335571,0.2848452482118542,0.033114838419843,4.216444454282712,0.222250141814881,1.9610723488575017,0
PTBA,2024,22.67787019655114,12.214071190498846,11.93434775866078,0.1000224036235395,0.0538710534946317,5.404950803235418,1.2257277273451763,0.645045625042644,1
PTBA,2023,28.48606300728292,15.750873805877744,15.863953594684926,0.06072825082584,0.0335786315913486,3.823265349241341,1.089097776320504,0.606521040805315,1
PTBA,2022,43.78175310366797,27.70679390404687,29.467754971500813,0.0474550696065238,0.0300314112634288,1.787130598508133,0.7824371062789344,0.5266272657890927,1
PTBA,2021,32.87291406592735,21.894524489917327,27.029105306678392,0.0435272477817126,0.028990687914802,1.803077310319937,0.592724054763707,0.4873556649672,1
PTRO,2024,3.897199754089468,1.1183432976079977,1.4040019629102607,1.5979563709713065,0.4585507313220296,2994928.7710425607,116718.3567002254,42048.8587332017,0
PTRO,2023,5.19624337159529,1.6759507929857338,2.112126201271777,1.067960048555061,0.344450473593472,457950.2164186321,23796.207765859454,9672.486509758735,0
PTRO,2022,13.769434976733544,6.861607591965393,8.591757170119898,0.3893758264386341,0.1940344052848663,82653.11177414517,11380.866481987818,7101.3546571823335,0
PTRO,2021,12.992308048032308,6.328462878423835,8.109453813348342,0.523399565304518,0.2549442876021143,50858.054696421554,6607.635133395851,4124.310455973743,0
PTPP,2024,3.4291124292000714,0.7345046177002573,2.0979763752662315,1.8232020008285212,0.3905238793588603,5.357154050748577,0.1837028354056145,0.1123918263713231,0
PTPP,2023,4.106535326597956,0.8516211340098174,2.60709267248713,1.692944093060074,0.3510859772735603,5.807841900666609,0.2385010793638324,0.1514158206219164,0
PTPP,2022,2.4359340723634983,0.4715978998060801,1.435900577761949,1.3742820734912224,0.266061609364809,16.504941272343693,0.4020494880766055,0.2369945470888534,0
PTPP,2021,2.450663053657733,0.4786005514210776,1.586600615779679,2.698890362468448,0.5270779325515683,23.48775038794517,0.5756056208927232,0.3726567922879319,0
PWON,2024,10.021286546688826,5.8656131703628445,31.101640757082816,0.3114901589283064,0.1823199815847979,8.91743100757219,0.8936413138720897,2.773467356735813,1
PWON,2023,11.02401793403236,6.43582905264276,33.95260454974232,0.322473941961099,0.1882605032768067,9.442509322396186,1.040943921123633,3.2059778498057305,1
PWON,2022,8.891080186095028,5.028514420292777,25.70108267272757,0.3626662514015832,0.2051125888818854,12.921119357043816,1.148827082975812,3.320867568195636,0
PWON,2021,8.615775153443598,4.789524639044397,24.19888003978565,0.3556389284598532,0.1977003090407963,15.407773887263422,1.327499154277613,3.728508719780293,0
RAJA,2024,17.604325894135066,7.711501790011529,10.04103275671774,0.7932676480543878,0.3474875962144985,472533.57437463605,83186.35039211603,47447.25098944639,0
RAJA,2023,19.75515642920843,7.791474168993289,12.567873247646236,1.0514789692707875,0.4147054596945703,231588.23753519825,45750.6185967252,29105.716149881595,0
RAJA,2022,8.12234972149958,3.386340911671129,6.963332074789459,1.0215559383755433,0.4259034375883802,464512.4835097511,37729.32841068505,32345.5467556356,0
RAJA,2021,2.2127676849076225,0.917098941311642,2.2947991184210808,1.060870544432978,0.4396861269278733,320614.39589234017,7094.451745467495,7357.456330468497,0
SCMA,2024,7.9490506361841105,5.500137304762246,8.428286546429758,0.0026904218813725,0.0018615669257315,16.08105826891248,1.2782914646301249,1.3553576706022803,0
SCMA,2023,4.468147965411074,3.0274479718196083,5.137398002502462,0.0026439488261762,0.0017914396688216,24.874232787096425,1.1114175261882633,1.2778883383421045,0
SCMA,2022,11.220085329600412,7.641991391974585,11.866198069273,0.0403663030094466,0.0274934575862993,13.005854845891175,1.4592680115529602,1.5433004966155877,1
SCMA,2021,21.093023562564188,13.59229581411428,22.721836372272524,0.0959285931297262,0.0618161645239513,12.368992531310653,2.6089945090811604,2.810462243863016,1
SIDO,2024,33.57456211399787,29.724301170796718,29.880094430229104,0.0009461451323556,0.0008376431766982,14.280924369086916,4.794757822752145,4.267153686992771,1
SIDO,2023,28.0763889668257,24.433817410002195,26.65918848659396,0.0027735330930845,0.0024137007525112,14.908966322038529,4.185899375508583,3.9746094331950657,1
SIDO,2022,31.514023234558124,27.06675728823293,28.578642527802835,0.0006803656458994,0.0005843522950957,17.66412165522875,5.566675402609402,5.048166183524034,0
SIDO,2021,36.32478657101422,30.988137046967665,31.357977408492456,0.0024977111516609,0.0021307603644165,17.673955229502365,6.420026515773341,5.542194888054424,0
SMGR,2024,1.6443637323995146,0.934841132869574,1.989057850816696,0.2482299906423171,0.1411218218280961,29.61554890257099,0.4869873453049197,0.589070400509046,0
SMGR,2023,5.017157175650742,2.652753565061893,5.615577304394981,0.3656352944469713,0.1933246850555073,19.046612927727345,0.9555985072218944,1.0695772728254171,0
SMGR,2022,5.532011232094983,2.850573358162002,6.500624529307713,0.3930307591330014,0.2025236327111428,17.524695142578082,0.9694681036778232,1.139214631124828,0
SMGR,2021,5.314219551216598,2.5030988612219307,5.576467807835808,0.5289741641509038,0.2491569298447269,18.864035847036867,1.0024762811317407,1.051946886268618,0
SMRA,2024,12.431164868885997,4.095468156530031,12.92791645149672,0.9543920849188096,0.3144260762249517,5.867856952304714,0.7294429720113881,0.7585916442872951,1
SMRA,2023,7.79469630399618,2.4575230241760444,11.50315354570989,0.7330299816107892,0.2311107433776857,11.984708086315417,0.9341715982487592,1.3786193731739715,0
SMRA,2022,6.799496691566619,2.1994326027708717,10.934324006712696,0.6430641588976981,0.2080119074853391,14.400437856217067,0.9791572956045864,1.5745905335840855,0
SMRA,2021,3.737472888861119,1.2426576649618024,5.8138269328649335,0.8134033970640497,0.2704452971632431,39.23752037126572,1.4664916861374149,2.2812015271330117,0
SRTG,2024,6.3583481474941,5.688263086020907,61.76117688355618,0.0621104814919664,0.0555648654226298,8.279722409932447,0.5264535764695936,5.113654003065818,0
SRTG,2023,-20.83772928666039,-19.92295042194424,92.24519416688214,0.0190131837641971,0.0181785026711096,,0.4544620909389275,-2.01182879590367,0
SRTG,2022,7.7176725985205215,7.238958369105779,72.82859159502445,0.0258164380145204,0.0242150878571266,6.967865007607545,0.5377570083940273,5.074597949283118,0
SRTG,2021,44.45122298057096,40.70200896209836,95.49201817417224,0.0702827378813004,0.0643547789084645,1.4768843763334114,0.6564931672891793,1.4103066970598117,1
SSIA,2024,4.178851901103621,2.259251404300933,3.746466856866401,0.1560723540759339,0.0843788421947865,21.60457011852344,0.9028229891231816,0.8094080590589429,0
SSIA,2023,4.40665216466188,2.0978925125917565,3.891324900516417,0.6511712037090477,0.3100056781498641,10.565643373193916,0.465591152415304,0.4111435114808573,0
SSIA,2022,4.578260413759005,2.120899115052872,4.86356552826996,0.42079670212311,0.1949359085096922,6.894714053522498,0.3156579641542994,0.3353289359799046,0
SSIA,2021,-5.585408776662231,-2.582717799028021,-8.509326033701415,0.6738193669472892,0.3115770648007127,,0.5892999344291842,0.8977937827306923,0
TAPG,2024,28.870312979249917,21.809031984799333,32.262709374993214,0.1017772639563356,0.0768839467221722,4.230153193017492,1.2212584663258836,1.3647620307802293,1
TAPG,2023,14.762468770530305,11.597116313260749,19.31586388333159,0.1029102648376526,0.0808443580611113,4.768430651517976,0.7039380857747359,0.921063574018274,1
TAPG,2022,29.747905381719317,20.52247385469104,31.898507550204418,0.2331173961162833,0.1608229421695698,2.8483341979325303,0.8473197621561229,0.9085760991825628,1
TAPG,2021,15.4266213421143,9.312274160262234,18.46150513457605,0.4451526775470437,0.2687162460632961,6.741117363100221,1.039926649832991,1.244511728116545,1
TKIM,2024,11.092172212080827,7.705547347846845,30.1616513305148,0.327353021326793,0.2274066933929371,62844.738435888685,6970.846613540524,18955.010886606764,0
TKIM,2023,7.210609800265597,4.765038984265017,16.018677002218222,0.4127004554051697,0.2727278015733321,130700.04033744622,9424.269917522985,20936.417303424438,0
TKIM,2022,20.88411501058302,13.06971719348524,40.51659987425597,0.464678038156571,0.2908052623562132,46649.58030058431,9742.35200192831,18900.82379340748,0
TKIM,2021,14.124751328805592,7.855032860820667,24.24323472193616,0.6447354502469935,0.3585491900234675,93480.99240387324,13203.957716746738,22662.816408866303,0
TLKM,2024,16.640589760938205,7.888819466950888,15.744130375349243,0.5415116147947677,0.2567149019201662,10.695478614494604,1.7797907192069244,1.6839100973336272,1
TLKM,2023,18.01720068448693,8.52326652523448,16.370228393737936,0.5015710745264649,0.2372745924519874,14.065198260696445,2.5341549973006434,2.302505079308064,1
TLKM,2022,16.046554819538166,7.545384746940692,14.07681968147937,0.4863879774654863,0.2287085587863924,15.298918818138976,2.454949394949311,2.1536012152453385,1
TLKM,2021,20.452845080612672,9.00824890099146,17.370993645695133,0.5638283003510618,0.2483324763360105,13.429474128629252,2.7467095386695,2.332833097534459,1
TOWR,2024,17.46428093084412,4.285630768621935,26.18942721765352,2.7403094841083298,0.6724556646303058,10.527314761921714,1.838519824496232,2.7570434375467823,1
TOWR,2023,19.767984379565096,4.7546727773327575,27.708700212813163,2.7325310432566265,0.6572390343458375,14.848802907261454,2.935309039259852,4.114410282764562,1
TOWR,2022,23.90200858743905,5.244979606594644,31.19005223978651,3.122944039429556,0.6852887588682482,15.64273655967316,3.738928235803547,4.8789777046942415,0
TOWR,2021,28.487871786519435,5.206508045810435,39.69007148063321,3.905307265889934,0.7137428114528214,14.874289501715223,4.237368522404354,5.903616135467092,0
TPIA,2024,-2.625817162820558,-1.222206003817726,-3.8738879018508263,0.7595465536505666,0.3535365566175272,,235523.16427441564,347469.1039448561,0
TPIA,2023,-1.2257897757391758,-0.5980280889390452,-1.5544933821990692,0.6354936527337858,0.3100393413284146,,186120.04887219015,236029.3665297704,0
TPIA,2022,-5.330222272599924,-3.0333045225727004,-6.271012513256991,0.5243616586715828,0.2984019257299025,,73738.74296682216,86753.71423699177,0
TPIA,2021,5.189043690651247,3.043944995653968,5.88995998721141,0.3675062197441497,0.2155828289666056,1023658.0272795196,53118.06227839293,60293.04821264134,0
ULTJ,2024,15.486965253848156,13.433104469550717,12.808182639971458,0.005156944257095,0.004473037151807,15.935745685041018,2.467963397183909,2.0410794123814244,1
ULTJ,2023,17.7131621290663,15.539856958227826,14.082241033412943,0.0046813958713242,0.0041070149798855,14.77683344232774,2.6174444651816007,2.080909302454563,1
ULTJ,2022,16.742121739372877,13.025178356577587,12.54903835453692,0.106438788339242,0.0828081544118893,14.47793864708725,2.423914113647061,1.8168420737693027,1
ULTJ,2021,25.19503976084844,17.168391015027158,19.21878197430056,0.301508011608868,0.2054534339536235,11.654663727995638,2.9363971602616825,2.239884411721372,1
UNTR,2024,21.01318192955469,11.524152573009854,14.529227975469633,0.216964878004003,0.1189889453907939,4.348631140323036,0.913785772961348,0.6318225321897984,1
UNTR,2023,26.00836773982344,13.40569221192388,16.029904949371947,0.2381658616081311,0.1227596544329674,3.418072596378796,0.8889848904803282,0.547913788300051,1
UNTR,2022,24.79996575130633,14.95257058353957,16.993395867854577,0.0354454970730696,0.0213710495477519,2.7147802719934893,0.6732645776776063,0.4613333585622728,1
UNTR,2021,14.993720165059113,9.132515247950638,12.936846120896064,0.1339989252905082,0.0816173181140426,4.893039082495929,0.7336485875964154,0.6330049367378029,1
UNVR,2024,156.73683167331,20.993718448516923,9.58686139359451,0.9215383663360578,0.1234331254231922,19.496012811130495,30.557432782788563,1.8690557254805091,0
UNVR,2023,141.9876388470732,28.81010095603203,12.43399585526565,0.2220438194531115,0.0450539561545709,25.869293200813114,36.73119860226098,3.216586844375622,0
UNVR,2022,134.2110938103539,29.28664490241736,13.015299954406816,0.3212268616270762,0.0700959716704459,29.49295838618061,39.5828220471255,3.8385969993897855,0
UNVR,2021,133.2513203875991,30.19712267310352,14.560648282672824,0.6333477503946179,0.1435278814331381,24.37899663491317,32.48533491327016,3.549739954854352,0
WIFI,2024,23.84199867887616,7.951624442275011,34.41027062074519,1.3333276771357752,0.4446825574429714,4.078237554956002,0.9723333439740413,1.4033325792172218,1
WIFI,2023,7.9052562219210625,3.742630177219317,13.325703613645915,0.8059440500377951,0.3815626512468436,6.2012743591903865,0.4902266271182935,0.8263634413747307,0
WIKA,2024,-25.55976693587611,-3.56662143224302,-11.780108784417576,4.007156337616917,0.5591604067419113,,1.1149625590458605,0.5138693270977055,0
WIKA,2023,-123.9724342508724,-10.80347170838068,-31.638489069321125,6.419479113097744,0.5594200146183234,,0.4406105754085114,0.1124463914750579,0
WIKA,2022,-0.4597118773918512,-0.0793879048885869,-0.2774394276399009,2.5766222188178327,0.4449583526139187,,0.6514177315080827,0.3931352907595958,0
WIKA,2021,0.901863898388354,0.1695836044093416,0.660689477566625,2.1794567287076907,0.4098180760632781,102.27105975220854,0.9223457664043508,0.6756941303787175,0
WSKT,2024,-92.24361798049712,-3.355897520162725,-24.18836270665902,19.972580156274763,0.726618639696731,,2.0729240633427213,0.5435675681985533,0
WSKT,2023,-71.384911314942,-3.944098575987346,-34.41809294095204,12.30905271858136,0.6800893410782737,,1.1017064736380813,0.5311855839678971,0
WSKT,2022,-20.878614453254706,-1.9340042551995733,-12.414775092956951,7.107103006050802,0.6583371462037434,,1.1840133209664567,0.7040342221833685,0
WSKT,2021,-10.88616406459329,-1.0581032765652172,-8.967609154734312,6.740069530367549,0.655115026013135,,0.8492335245689541,0.6995663747344376,0
